,nsr2005,ep_code,map_label,es_name,ep_name,nutr_es,moist_es,description ,hab_type_hart,ep_code_hart,Notes
1,CM,a1,CM3Ba1,lichen (subxeric/poor),lichen - Pj,B_POOR,SUBXERIC,Jack Pine,Jack Pine,a,
2,CM,aa1,CM2Baa1,grass/shrubland (xeric/poor),grassland,B_POOR,XERIC,Grassland,Well-drained non-forest,aa,
3,CM,b1,CM3Cb1,blueberry (submesic/medium),blueberry - Pj-Aw,C_MEDIUM,SUBMESIC,Jack Pine - Aspen,Deciduous-conifer mix,b2,
4,CM,b2,CM3Cb2,blueberry (submesic/medium),blueberry - Aw(Bw),C_MEDIUM,SUBMESIC,Aspen-Birch,Deciduous ,b1,
5,CM,b3,CM3Cb3,blueberry (submesic/medium),blueberry - Aw-Sw,C_MEDIUM,SUBMESIC,Aspen - White Spruce,Deciduous-conifer mix,b2,
6,CM,b4,CM3Cb4,blueberry (submesic/medium),blueberry - Sw-Pj,C_MEDIUM,SUBMESIC,White Spruce - Jack Pine,Conifer mix,b3,
7,LBH,b5,LBH3Cb5,hairy wild rye (submesic/medium),blueberry - grass,C_MEDIUM,SUBMESIC,Grassland,Well-drained non-forest,aa,
8,CM,b7,CM3Cb7,blueberry (submesic/medium),blueberry - grassland,C_MEDIUM,SUBMESIC,Grassland,Well-drained non-forest,aa,
9,CM,c1,CM5Bc1,Labrador tea-mesic (mesic/poor),Labrador tea-mesic - Pj-Sb,B_POOR,MESIC,Jack Pine - Black Spruce,Conifer mix,b3,
10,LBH,c2,LBH5Bc2,Labrador tea (mesic/poor),Labrador tea - mesic - Sb-Aw,B_POOR,MESIC,Aspen - Black Spruce,Deciduous-conifer mix,b2,
11,CM,d1,CM5Cd1,low-bush cranberry (mesic/medium),low-bush cranberry - Aw,C_MEDIUM,MESIC,Aspen,Deciduous,b1,
12,CM,d2,CM5Cd2,low-bush cranberry (mesic/medium),low-bush cranberry - Aw-Sw,C_MEDIUM,MESIC,Aspen - White Spruce,Deciduous-conifer mix,b2,
13,CM,d3,CM5Cd3,low-bush cranberry (mesic/medium),low-bush cranberry - Sw,C_MEDIUM,MESIC,White Spruce,Well-drained spruce,c,
14,CM,d4,CM5Cd4,low-bush cranberry (mesic/medium),low-bush cranberry - shrubland,C_MEDIUM,MESIC,Amelanchier,Well-drained non-forest,aa,
15,CM,d5,CM5Cd5,low-bush cranberry (mesic/medium),low-bush cranberry - tame,C_MEDIUM,MESIC,Pasture,Well-drained non-forest,aa,
16,CM,d6,CM5Cd6,low-bush cranberry (mesic/medium),low-bush cranberry - native grassland,C_MEDIUM,MESIC,Grassland,Well-drained non-forest,aa,
17,CM,e1,CM5De1,dogwood (subhygric/rich),dogwood - Pb-Aw,D_RICH,SUBHYGRIC,Poplar - Aspen,Deciduous,b1,
18,CM,e2,CM5De2,dogwood (subhygric/rich),dogwood - Pb-Sw,D_RICH,SUBHYGRIC,Poplar - White Spruce,Deciduous-conifer mix,b2,
19,CM,e3,CM5De3,dogwood (subhygric/rich),dogwood - Sw,D_RICH,SUBHYGRIC,White Spruce,Poorly-drained spruce,d,
20,CM,e4,CM5De4,dogwood (subhygric/rich),dogwood - shrubland,D_RICH,SUBHYGRIC,Dogwood,Poorly-drained non-forest,e,
21,CM,e5,CM5De5,dogwood (subhygric/rich),dogwood - tame,D_RICH,SUBHYGRIC,Pasture,Poorly-drained non-forest,e,
22,LBH,e6,LBH5De6,red osier dogwood (subhygric/rich),red osier dogwood - tame,D_RICH,SUBHYGRIC,Pasture,Poorly-drained non-forest,e,Same description as for e5 in Central Mixedwoods; not officially described for LBH
23,CM,f1,CM7Df1,horsetail (hygric/rich),horsetail - Pb-Aw (Bw),D_RICH,HYGRIC,Poplar  - Aspen-birch,Deciduous,b1,
24,CM,f2,CM7Df2,horsetail (hygric/rich),horsetail - Pb-Sw,D_RICH,HYGRIC,Poplar - White Spruce,Deciduous-conifer mix,b2,
25,CM,f3,CM7Df3,horsetail (hygric/rich),horsetail - Sw,D_RICH,HYGRIC,White Spruce,Poorly-drained spruce,d,
26,CM,f4,CM7Df4,horsetail (hygric/rich),horsetail - shrubland,D_RICH,HYGRIC,Willow,Poorly-drained non-forest,e,
27,CM,g1,CM7Bg1,Labrador tea-subhygric (subhygric/poor),Labrador tea-subhygric - Sb-Pj,B_POOR,SUBHYGRIC,Black Spruce - Jack Pine,Conifer mix,b3,
28,CM,h1,CM7Ch1,Labrador tea/horsetail (hygric/medium),Labrador tea/horsetail - Sw-Sb,C_MEDIUM,HYGRIC,White Spruce - Black Spruce,Conifer mix,b3,
29,LBH,h2,LBH9Bh2,bog (subhydric/poor),shrubby bog,A_VERY_POOR,SUBHYDRIC,Shrubby Bog,Poorly-drained non-forest,e,
30,LBH,h3,LBH9Bh3,bog (subhydric/poor),graminoid bog,A_VERY_POOR,SUBHYDRIC,Graminoid Bog,Poorly-drained non-forest,e,
31,CM,i1,CM9Bi1,bog (subhydric/very poor),bog - treed,A_VERY_POOR,SUBHYDRIC,Treed Bog,Poorly-drained spruce,d,
32,CM,i2,CM9Bi2,bog (subhydric/very poor),bog - shrubby,A_VERY_POOR,SUBHYDRIC,Shrubby Bog,Poorly-drained non-forest,e,
33,CM,i3,CM9Bi3,bog (subhydric/very poor),bog - graminoid,A_VERY_POOR,SUBHYDRIC,Graminoid Bog,Poorly-drained non-forest,e,
34,CM,j1,CM9Cj1,poor fen (subhydric/medium),poor fen - treed,C_MEDIUM,SUBHYDRIC,Treed Poor Fen,Wetland,f,
35,CM,j2,CM9Cj2,poor fen (subhydric/medium),poor fen - shrubby,C_MEDIUM,SUBHYDRIC,Shrubby Poor Fen,Wetland,f,
36,CM,j3,CM9Cj3,poor fen (subhydric/medium),poor fen - graminoid,C_MEDIUM,SUBHYDRIC,Graminoid Poor Fen,Wetland,f,
37,CM,k1,CM9Dk1,rich fen (subhydric/rich),rich fen - treed,D_RICH,SUBHYDRIC,Treed Rich Fen,Wetland,f,
38,CM,k2,CM9Dk2,rich fen (subhydric/rich),rich fen - shrubby,D_RICH,SUBHYDRIC,Shrubby Rich Fen,Wetland,f,
39,CM,k3,CM9Dk3,rich fen (subhydric/rich),rich fen - graminoid,D_RICH,SUBHYDRIC,Graminoid Rich Fen,Wetland,f,
40,CM,l1,CM9El1,marsh (hydric/rich),marsh,E_VERY_RICH,HYDRIC,Marsh,Wetland,f,
